group;week;Low normal range;High normal range;Baseline;Substantial increase;Observed count
Total;2020-01;54370.19;56825.63;55593.39;58066.83;58824
Total;2020-02;54569.38;57048.93;55804.56;58302.4;60671
Total;2020-03;54705.92;57202.92;55949.78;58465.28;59820
Total;2020-04;54777.67;57284.78;56026.55;58552.29;58637
Total;2020-05;54783.61;57293.04;56033.64;58561.73;59616
Total;2020-06;54723.79;57227.72;55971.09;58493.62;57596
Total;2020-07;54599.35;57090.26;55840.17;58349.54;57362
Total;2020-08;54412.66;56883.45;55643.48;58132.49;55306
Total;2020-09;54166.91;56611.42;55384.67;57847.1;55773
Total;2020-10;53866.38;56279.51;55068.54;57499.24;56251
Total;2020-11;53516.11;55894.08;54700.79;57095.93;58228
Total;2020-12;53121.94;55462.26;54287.9;56644.98;65618
Total;2020-13;52690.28;54991.94;53837.01;56155.01;78473
Total;2020-14;52228.05;54491.43;53355.74;55635.06;89148
Total;2020-15;51742.49;53969.26;52851.97;55094.32;86800
Total;2020-16;51241.09;53434.06;52333.74;54541.98;76735
Total;2020-17;50731.44;52894.31;51809.11;53986.98;67355
Total;2020-18;50221.11;52358.21;51285.95;53437.84;59771
Total;2020-19;49717.59;51833.56;50771.9;52902.52;56322
Total;2020-20;49228.09;51327.64;50274.21;52388.32;52539
Total;2020-21;48759.57;50847.15;49799.71;51901.83;51929
Total;2020-22;48318.46;50398.21;49354.68;51448.99;49564
Total;2020-23;47910.86;49986.23;48944.87;51034.86;48620
Total;2020-24;47542.2;49616.01;48575.41;50663.93;47779
Total;2020-25;47217.39;49291.67;48250.82;50339.91;47650
Total;2020-26;46940.55;49016.87;47974.97;50066.21;49606
Total;2020-27;46715.37;48794.4;47751.12;49845.18;48075
Total;2020-28;46544.7;48626.64;47581.88;49678.95;47781
Total;2020-29;46430.73;48515.33;47469.22;49569.02;48120
Total;2020-30;46374.98;48461.66;47414.49;49516.42;48604
Total;2020-31;46378.24;48466.25;47418.41;49521.69;50722
Total;2020-32;46440.63;48529.18;47481.08;49584.88;49985
Total;2020-33;46561.58;48649.94;47601.94;49705.51;53165
Total;2020-34;46739.79;48827.5;47779.84;49882.7;49176
Total;2020-35;46973.26;49060.23;48012.97;50115;48590
Total;2020-36;47259.34;49345.91;48298.87;50400.41;49089
Total;2020-37;47594.53;49681.82;48634.44;50736.61;50449
Total;2020-38;47974.92;50064.38;49015.94;51120.2;51781
Total;2020-39;48395.5;50489.8;49438.96;51547.99;50619
Total;2020-40;48851.08;50953.19;49898.44;52015.26;52814
Total;2020-41;49335.61;51449.25;50388.74;52517.1;53467
Total;2020-42;49842.58;51972;50903.58;53047.79;54999
Total;2020-43;50365.03;52514.81;51436.18;53600.89;59823
Total;2020-44;50895.61;53070.5;51979.26;54169.27;63413
Total;2020-45;51426.73;53631.29;52525.15;54745.08;66969
Total;2020-46;51950.67;54189.01;53065.9;55319.93;68466
Total;2020-47;52459.64;54735.16;53593.37;55884.94;67777
Total;2020-48;52946;55261.09;54099.42;56430.96;67576
Total;2020-49;53402.31;55758.15;54575.99;56948.72;68125
Total;2020-50;53821.47;56217.91;55015.34;57429.11;68360
Total;2020-51;54196.91;56632.34;55410.17;57863.37;67561
Total;2020-52;54522.66;56994.05;55753.79;58243.37;67108
Total;2020-53;54793.5;57296.46;56040.32;58561.84;69072
Total;2021-01;55005.09;57534;56264.81;58812.6;72371
Total;2021-02;55154.02;57702.29;56423.36;58990.74;75874
Total;2021-03;55237.94;57798.22;56513.25;59092.79;78321
Total;2021-04;55255.6;57820.1;56533;59116.81;74805
Total;2021-05;55206.86;57767.64;56482.41;59062.47;69354
Total;2021-06;55092.7;57642.04;56362.57;58931.06;64981
Total;2021-07;54915.24;57445.91;56175.82;58725.42;62909
Total;2021-08;54677.61;57183.17;55925.72;58449.92;58838
Total;2021-09;54383.89;56858.96;55616.84;58110.19;56817
Total;2021-10;54039.1;56479.54;55254.83;57713.16;57272
Total;2021-11;53648.99;56051.95;54846.08;57266.52;56911
Total;2021-12;53219.89;55584.05;54397.69;56778.92;56873
Total;2021-13;52758.72;55084.14;53917.25;56259.34;57482
Total;2021-14;52272.75;54560.83;53412.71;55717.07;56481
Total;2021-15;51769.48;54022.78;52892.13;55161.38;55652
Total;2021-16;51256.57;53478.58;52363.64;54601.31;55318
Total;2021-17;50741.67;52936.58;51835.25;54045.59;53751
Total;2021-18;50232.34;52404.71;51314.69;53502.34;53849
Total;2021-19;49735.91;51890.44;50809.37;52979.08;51328
Total;2021-20;49259.42;51400.64;50326.24;52482.59;50238
Total;2021-21;48809.49;50941.59;49871.74;52018.97;49811
Total;2021-22;48392.25;50518.92;49451.78;51593.64;49594
Total;2021-23;48013.43;50137.49;49071.63;51210.96;49097
Total;2021-24;47677.89;49801.75;48735.96;50875.2;49397
Total;2021-25;47390.08;49515.31;48448.81;50589.52;48990
Total;2021-26;47153.69;49281.27;48213.57;50356.75;49964
Total;2021-27;46971.77;49102.06;48032.98;50178.97;49703
Total;2021-28;46846.63;48979.57;47909.15;50057.86;50087
Total;2021-29;46779.94;48915.1;47843.55;49994.53;52587
Total;2021-30;46772.62;48909.38;47837.02;49989.64;51736
Total;2021-31;46824.92;48962.56;47889.77;50043.25;53045
Total;2021-32;46936.36;49074.28;48001.35;50155.08;54034
Total;2021-33;47105.82;49243.52;48170.72;50324.18;53153
Total;2021-34;47331.28;49468.89;48396.15;50549.44;52166
Total;2021-35;47610.29;49748.14;48675.3;50828.75;52891
Total;2021-36;47939.51;50078.58;49005.15;51159.72;54710
Total;2021-37;48314.94;50456.88;49382.04;51539.4;52164
Total;2021-38;48731.92;50879.07;49801.64;51964.16;51650
Total;2021-39;49185.11;51340.52;50258.96;52429.72;52918
Total;2021-40;49668.6;51835.96;50748.42;52931.15;53358
Total;2021-41;50175.92;52359.44;51263.81;53462.78;54893
Total;2021-42;50700.11;52904.4;51798.34;54018.21;55775
Total;2021-43;51233.86;53463.63;52344.79;54590.34;57459
Total;2021-44;51769.57;54029.41;52895.47;55171.34;57608
Total;2021-45;52299.45;54593.56;53442.41;55752.87;59998
Total;2021-46;52815.61;55147.64;53977.43;56326.19;60436
Total;2021-47;53310.45;55682.73;54492.29;56881.72;62427
Total;2021-48;53776.26;56190.26;54978.84;57410.44;65472
Total;2021-49;54205.89;56661.62;55429.22;57903.03;65405
Total;2021-50;54592.6;57088.66;55835.98;58350.58;64341
Total;2021-51;54930.23;57463.78;56192.24;58744.76;65109
Total;2021-52;55213.36;57780.18;56491.91;59078.09;65824
0to14;2020-01;250.8;328.7;288.88;370.21;277
0to14;2020-02;250.62;328.52;288.69;370.03;316
0to14;2020-03;250.44;328.34;288.52;369.85;310
0to14;2020-04;250.27;328.17;288.34;369.67;340
0to14;2020-05;250.11;328;288.18;369.5;310
0to14;2020-06;249.96;327.83;288.02;369.33;301
0to14;2020-07;249.81;327.67;287.86;369.16;293
0to14;2020-08;249.67;327.51;287.71;368.99;301
0to14;2020-09;249.54;327.36;287.57;368.83;293
0to14;2020-10;249.42;327.22;287.44;368.68;290
0to14;2020-11;249.3;327.08;287.31;368.53;309
0to14;2020-12;249.19;326.95;287.19;368.39;287
0to14;2020-13;249.08;326.82;287.08;368.26;295
0to14;2020-14;248.98;326.71;286.97;368.13;272
0to14;2020-15;248.89;326.6;286.86;368.01;290
0to14;2020-16;248.8;326.5;286.77;367.9;262
0to14;2020-17;248.71;326.4;286.68;367.81;267
0to14;2020-18;248.63;326.31;286.59;367.71;264
0to14;2020-19;248.55;326.23;286.51;367.63;280
0to14;2020-20;248.47;326.15;286.43;367.56;282
0to14;2020-21;248.39;326.08;286.36;367.49;264
0to14;2020-22;248.31;326.01;286.28;367.43;267
0to14;2020-23;248.23;325.95;286.21;367.37;285
0to14;2020-24;248.16;325.88;286.14;367.32;260
0to14;2020-25;248.08;325.82;286.07;367.26;270
0to14;2020-26;248;325.76;286;367.21;288
0to14;2020-27;247.92;325.69;285.92;367.16;263
0to14;2020-28;247.83;325.63;285.85;367.1;252
0to14;2020-29;247.75;325.55;285.77;367.04;279
0to14;2020-30;247.66;325.48;285.68;366.97;328
0to14;2020-31;247.56;325.39;285.59;366.89;275
0to14;2020-32;247.46;325.3;285.5;366.8;272
0to14;2020-33;247.36;325.2;285.4;366.7;271
0to14;2020-34;247.25;325.09;285.29;366.6;257
0to14;2020-35;247.14;324.98;285.17;366.48;259
0to14;2020-36;247.02;324.86;285.05;366.36;267
0to14;2020-37;246.89;324.72;284.92;366.23;285
0to14;2020-38;246.75;324.59;284.78;366.09;284
0to14;2020-39;246.61;324.44;284.64;365.94;284
0to14;2020-40;246.46;324.29;284.49;365.79;255
0to14;2020-41;246.31;324.13;284.33;365.64;291
0to14;2020-42;246.14;323.97;284.17;365.48;243
0to14;2020-43;245.97;323.81;284;365.32;264
0to14;2020-44;245.8;323.64;283.83;365.16;247
0to14;2020-45;245.62;323.48;283.66;365;292
0to14;2020-46;245.44;323.31;283.48;364.84;279
0to14;2020-47;245.25;323.14;283.3;364.68;265
0to14;2020-48;245.07;322.96;283.12;364.52;264
0to14;2020-49;244.88;322.79;282.94;364.36;284
0to14;2020-50;244.7;322.62;282.76;364.2;270
0to14;2020-51;244.51;322.46;282.59;364.04;284
0to14;2020-52;244.33;322.29;282.41;363.88;249
0to14;2020-53;244.16;322.12;282.24;363.73;278
0to14;2021-01;243.99;321.96;282.07;363.57;246
0to14;2021-02;243.82;321.8;281.91;363.42;264
0to14;2021-03;243.66;321.65;281.75;363.26;253
0to14;2021-04;243.51;321.5;281.6;363.11;279
0to14;2021-05;243.36;321.35;281.45;362.97;269
0to14;2021-06;243.22;321.2;281.31;362.82;305
0to14;2021-07;243.09;321.07;281.17;362.69;267
0to14;2021-08;242.96;320.93;281.04;362.55;247
0to14;2021-09;242.84;320.81;280.92;362.42;297
0to14;2021-10;242.72;320.69;280.8;362.3;243
0to14;2021-11;242.62;320.57;280.69;362.18;273
0to14;2021-12;242.51;320.46;280.58;362.07;280
0to14;2021-13;242.42;320.36;280.48;361.97;283
0to14;2021-14;242.32;320.27;280.39;361.87;254
0to14;2021-15;242.23;320.18;280.3;361.78;273
0to14;2021-16;242.15;320.09;280.22;361.7;264
0to14;2021-17;242.06;320.02;280.14;361.63;288
0to14;2021-18;241.98;319.95;280.06;361.57;267
0to14;2021-19;241.91;319.88;279.99;361.51;290
0to14;2021-20;241.83;319.82;279.92;361.46;269
0to14;2021-21;241.75;319.76;279.85;361.41;271
0to14;2021-22;241.68;319.71;279.78;361.37;292
0to14;2021-23;241.6;319.66;279.72;361.33;294
0to14;2021-24;241.52;319.6;279.65;361.29;290
0to14;2021-25;241.45;319.55;279.59;361.25;282
0to14;2021-26;241.37;319.5;279.52;361.21;304
0to14;2021-27;241.29;319.44;279.45;361.17;303
0to14;2021-28;241.2;319.38;279.38;361.13;298
0to14;2021-29;241.12;319.32;279.3;361.08;303
0to14;2021-30;241.03;319.25;279.22;361.02;311
0to14;2021-31;240.93;319.17;279.14;360.95;280
0to14;2021-32;240.83;319.09;279.04;360.88;297
0to14;2021-33;240.73;318.99;278.95;360.8;273
0to14;2021-34;240.62;318.9;278.84;360.71;277
0to14;2021-35;240.51;318.79;278.73;360.61;267
0to14;2021-36;240.39;318.68;278.62;360.5;284
0to14;2021-37;240.26;318.56;278.49;360.39;302
0to14;2021-38;240.13;318.44;278.36;360.27;304
0to14;2021-39;239.99;318.31;278.23;360.14;321
0to14;2021-40;239.84;318.17;278.09;360.02;292
0to14;2021-41;239.69;318.03;277.94;359.89;300
0to14;2021-42;239.53;317.89;277.79;359.75;312
0to14;2021-43;239.37;317.74;277.64;359.62;311
0to14;2021-44;239.21;317.6;277.48;359.48;294
0to14;2021-45;239.04;317.45;277.32;359.34;312
0to14;2021-46;238.87;317.3;277.16;359.21;305
0to14;2021-47;238.69;317.15;276.99;359.07;308
0to14;2021-48;238.52;317;276.83;358.94;349
0to14;2021-49;238.35;316.85;276.67;358.8;276
0to14;2021-50;238.18;316.7;276.51;358.67;342
0to14;2021-51;238.01;316.55;276.35;358.53;301
0to14;2021-52;237.85;316.41;276.2;358.4;325
15to44;2020-01;1114.11;1281.98;1197.06;1368.82;1353
15to44;2020-02;1113.51;1282.26;1196.89;1369.56;1272
15to44;2020-03;1113.1;1282.48;1196.79;1370.12;1252
15to44;2020-04;1112.9;1282.63;1196.76;1370.46;1200
15to44;2020-05;1112.9;1282.7;1196.79;1370.57;1348
15to44;2020-06;1113.09;1282.68;1196.89;1370.43;1182
15to44;2020-07;1113.49;1282.58;1197.04;1370.07;1284
15to44;2020-08;1114.07;1282.41;1197.25;1369.5;1226
15to44;2020-09;1114.82;1282.19;1197.53;1368.75;1270
15to44;2020-10;1115.72;1281.94;1197.87;1367.89;1270
15to44;2020-11;1116.75;1281.7;1198.28;1366.97;1284
15to44;2020-12;1117.89;1281.49;1198.76;1366.04;1266
15to44;2020-13;1119.11;1281.35;1199.32;1365.18;1393
15to44;2020-14;1120.39;1281.32;1199.95;1364.44;1338
15to44;2020-15;1121.69;1281.41;1200.66;1363.88;1418
15to44;2020-16;1122.99;1281.64;1201.44;1363.55;1275
15to44;2020-17;1124.25;1282.04;1202.28;1363.49;1258
15to44;2020-18;1125.47;1282.6;1203.18;1363.7;1167
15to44;2020-19;1126.61;1283.32;1204.12;1364.2;1165
15to44;2020-20;1127.65;1284.19;1205.07;1364.96;1282
15to44;2020-21;1128.59;1285.17;1206.03;1365.97;1189
15to44;2020-22;1129.42;1286.21;1206.97;1367.12;1279
15to44;2020-23;1130.09;1287.33;1207.86;1368.47;1196
15to44;2020-24;1130.65;1288.41;1208.68;1369.83;1234
15to44;2020-25;1131.09;1289.44;1209.4;1371.17;1226
15to44;2020-26;1131.39;1290.35;1210;1372.4;1248
15to44;2020-27;1131.56;1291.1;1210.45;1373.46;1209
15to44;2020-28;1131.61;1291.64;1210.75;1374.27;1187
15to44;2020-29;1131.54;1291.95;1210.86;1374.78;1226
15to44;2020-30;1131.35;1292;1210.79;1374.96;1204
15to44;2020-31;1131.04;1291.78;1210.52;1374.78;1321
15to44;2020-32;1130.62;1291.28;1210.06;1374.24;1322
15to44;2020-33;1130.09;1290.52;1209.42;1373.35;1310
15to44;2020-34;1129.45;1289.52;1208.6;1372.16;1280
15to44;2020-35;1128.7;1288.31;1207.63;1370.72;1240
15to44;2020-36;1127.85;1286.95;1206.52;1369.09;1283
15to44;2020-37;1126.89;1285.47;1205.31;1367.34;1290
15to44;2020-38;1125.83;1283.94;1204.02;1365.55;1275
15to44;2020-39;1124.67;1282.41;1202.68;1363.82;1220
15to44;2020-40;1123.43;1280.92;1201.31;1362.21;1219
15to44;2020-41;1122.1;1279.54;1199.96;1360.8;1285
15to44;2020-42;1120.7;1278.29;1198.63;1359.64;1185
15to44;2020-43;1119.25;1277.22;1197.36;1358.77;1328
15to44;2020-44;1117.76;1276.34;1196.17;1358.22;1257
15to44;2020-45;1116.25;1275.66;1195.07;1357.99;1228
15to44;2020-46;1114.74;1275.2;1194.07;1358.08;1235
15to44;2020-47;1113.27;1274.92;1193.18;1358.45;1240
15to44;2020-48;1111.84;1274.82;1192.41;1359.06;1248
15to44;2020-49;1110.5;1274.87;1191.74;1359.85;1349
15to44;2020-50;1109.26;1275.04;1191.19;1360.77;1339
15to44;2020-51;1108.15;1275.29;1190.74;1361.74;1263
15to44;2020-52;1107.2;1275.57;1190.39;1362.69;1220
15to44;2020-53;1106.39;1275.88;1190.13;1363.6;1381
15to44;2021-01;1105.77;1276.17;1189.95;1364.37;1334
15to44;2021-02;1105.34;1276.41;1189.85;1364.97;1323
15to44;2021-03;1105.1;1276.58;1189.81;1365.37;1379
15to44;2021-04;1105.05;1276.69;1189.84;1365.56;1351
15to44;2021-05;1105.22;1276.7;1189.93;1365.48;1310
15to44;2021-06;1105.57;1276.63;1190.07;1365.19;1236
15to44;2021-07;1106.1;1276.5;1190.28;1364.71;1263
15to44;2021-08;1106.8;1276.32;1190.55;1364.06;1193
15to44;2021-09;1107.65;1276.12;1190.89;1363.29;1206
15to44;2021-10;1108.63;1275.91;1191.29;1362.45;1234
15to44;2021-11;1109.73;1275.75;1191.77;1361.6;1244
15to44;2021-12;1110.9;1275.64;1192.32;1360.81;1269
15to44;2021-13;1112.14;1275.63;1192.95;1360.14;1318
15to44;2021-14;1113.41;1275.75;1193.66;1359.63;1292
15to44;2021-15;1114.68;1276;1194.43;1359.35;1301
15to44;2021-16;1115.93;1276.42;1195.28;1359.32;1261
15to44;2021-17;1117.13;1277;1196.18;1359.56;1219
15to44;2021-18;1118.27;1277.73;1197.12;1360.09;1266
15to44;2021-19;1119.32;1278.62;1198.08;1360.88;1162
15to44;2021-20;1120.26;1279.62;1199.05;1361.9;1188
15to44;2021-21;1121.09;1280.7;1200.01;1363.12;1229
15to44;2021-22;1121.8;1281.83;1200.93;1364.47;1240
15to44;2021-23;1122.39;1282.95;1201.78;1365.87;1192
15to44;2021-24;1122.85;1284.02;1202.53;1367.26;1318
15to44;2021-25;1123.18;1284.98;1203.17;1368.56;1255
15to44;2021-26;1123.38;1285.79;1203.68;1369.7;1249
15to44;2021-27;1123.47;1286.41;1204.02;1370.6;1318
15to44;2021-28;1123.43;1286.79;1204.19;1371.21;1312
15to44;2021-29;1123.27;1286.92;1204.17;1371.49;1412
15to44;2021-30;1122.99;1286.78;1203.96;1371.42;1336
15to44;2021-31;1122.6;1286.37;1203.56;1370.99;1300
15to44;2021-32;1122.1;1285.69;1202.97;1370.22;1341
15to44;2021-33;1121.49;1284.77;1202.21;1369.14;1279
15to44;2021-34;1120.78;1283.64;1201.29;1367.79;1288
15to44;2021-35;1119.95;1282.34;1200.23;1366.24;1290
15to44;2021-36;1119.03;1280.91;1199.06;1364.55;1380
15to44;2021-37;1118;1279.42;1197.8;1362.82;1299
15to44;2021-38;1116.88;1277.92;1196.49;1361.11;1288
15to44;2021-39;1115.67;1276.45;1195.16;1359.51;1264
15to44;2021-40;1114.37;1275.07;1193.82;1358.08;1292
15to44;2021-41;1113.01;1273.81;1192.51;1356.89;1227
15to44;2021-42;1111.59;1272.72;1191.25;1355.97;1287
15to44;2021-43;1110.14;1271.82;1190.06;1355.36;1210
15to44;2021-44;1108.66;1271.11;1188.96;1355.07;1277
15to44;2021-45;1107.18;1270.6;1187.96;1355.08;1357
15to44;2021-46;1105.76;1270.27;1187.06;1355.33;1319
15to44;2021-47;1104.33;1270.15;1186.28;1355.92;1389
15to44;2021-48;1103.01;1270.17;1185.61;1356.65;1409
15to44;2021-49;1101.78;1270.31;1185.05;1357.52;1349
15to44;2021-50;1100.68;1270.53;1184.59;1358.46;1334
15to44;2021-51;1099.71;1270.81;1184.23;1359.4;1341
15to44;2021-52;1098.9;1271.11;1183.96;1360.3;1451
45to64;2020-01;6179.21;6591.73;6384.36;6801.29;6756
45to64;2020-02;6177.72;6593.03;6384.25;6804.04;6824
45to64;2020-03;6174.29;6591.53;6381.77;6803.54;6773
45to64;2020-04;6168.98;6587.2;6376.95;6799.71;6598
45to64;2020-05;6161.87;6580.08;6369.83;6792.59;6768
45to64;2020-06;6153.06;6570.27;6360.52;6782.26;6639
45to64;2020-07;6142.67;6557.93;6349.17;6768.92;6468
45to64;2020-08;6130.84;6543.25;6335.93;6752.79;6416
45to64;2020-09;6117.69;6526.53;6321;6734.23;6427
45to64;2020-10;6103.41;6508.01;6304.63;6713.54;6479
45to64;2020-11;6088.13;6488.09;6287.05;6691.23;6705
45to64;2020-12;6072.06;6467.09;6268.53;6667.69;7200
45to64;2020-13;6055.37;6445.39;6249.36;6643.42;8024
45to64;2020-14;6038.27;6423.38;6229.83;6618.89;8755
45to64;2020-15;6020.94;6401.43;6210.21;6594.58;8343
45to64;2020-16;6003.59;6379.93;6190.81;6570.94;7649
45to64;2020-17;5986.45;6359.21;6171.89;6548.39;7049
45to64;2020-18;5969.71;6339.59;6153.73;6527.29;6521
45to64;2020-19;5953.62;6321.34;6136.56;6507.94;6520
45to64;2020-20;5938.38;6304.72;6120.64;6490.6;6355
45to64;2020-21;5924.24;6289.89;6106.15;6475.44;6428
45to64;2020-22;5911.39;6277.02;6093.29;6462.56;6278
45to64;2020-23;5900.05;6266.22;6082.22;6452.04;6109
45to64;2020-24;5890.43;6257.53;6073.06;6443.84;6156
45to64;2020-25;5882.65;6251.04;6065.91;6438.02;5890
45to64;2020-26;5876.98;6246.63;6060.86;6434.26;6234
45to64;2020-27;5873.3;6244.5;6057.95;6432.93;6022
45to64;2020-28;5871.9;6244.41;6057.2;6433.51;6119
45to64;2020-29;5872.74;6246.36;6058.59;6436.03;6062
45to64;2020-30;5875.84;6250.28;6062.1;6440.37;6181
45to64;2020-31;5881.16;6256.08;6067.65;6446.41;6301
45to64;2020-32;5888.61;6263.66;6075.17;6454.07;6303
45to64;2020-33;5898.08;6272.93;6084.54;6463.23;6582
45to64;2020-34;5909.41;6283.78;6095.64;6473.81;6123
45to64;2020-35;5922.42;6296.09;6108.3;6485.76;6127
45to64;2020-36;5936.86;6309.73;6122.35;6498.99;6188
45to64;2020-37;5952.51;6324.6;6137.61;6513.44;6334
45to64;2020-38;5969.07;6340.52;6153.86;6529.03;6415
45to64;2020-39;5986.25;6357.38;6170.88;6545.71;6342
45to64;2020-40;6003.75;6374.98;6188.44;6563.36;6467
45to64;2020-41;6021.27;6393.15;6206.28;6581.86;6615
45to64;2020-42;6038.51;6411.68;6224.16;6601.04;6598
45to64;2020-43;6055.18;6430.34;6241.82;6620.72;6903
45to64;2020-44;6071.02;6448.87;6258.99;6640.63;7050
45to64;2020-45;6085.78;6467;6275.43;6660.49;7239
45to64;2020-46;6099.25;6484.45;6290.87;6679.98;7467
45to64;2020-47;6111.24;6500.91;6305.07;6698.73;7322
45to64;2020-48;6121.61;6516.06;6317.81;6716.35;7594
45to64;2020-49;6130.23;6529.63;6328.88;6732.46;7485
45to64;2020-50;6137.01;6541.32;6338.09;6746.68;7606
45to64;2020-51;6141.87;6550.87;6345.27;6758.64;7322
45to64;2020-52;6144.78;6558.06;6350.3;6768.03;7554
45to64;2020-53;6145.73;6562.69;6353.07;6774.57;7560
45to64;2021-01;6144.71;6564.64;6353.52;6778.05;7949
45to64;2021-02;6141.77;6563.83;6351.63;6778.33;8048
45to64;2021-03;6136.96;6560.2;6347.4;6775.32;8175
45to64;2021-04;6130.34;6553.8;6340.89;6769.03;7846
45to64;2021-05;6122.02;6544.71;6332.19;6759.56;7580
45to64;2021-06;6112.1;6533.08;6321.42;6747.05;7361
45to64;2021-07;6100.71;6519.1;6308.75;6731.74;7229
45to64;2021-08;6087.99;6503.01;6294.36;6713.92;6970
45to64;2021-09;6074.1;6485.11;6278.48;6693.96;6864
45to64;2021-10;6059.19;6465.72;6261.36;6672.26;6951
45to64;2021-11;6043.46;6445.17;6243.24;6649.24;6956
45to64;2021-12;6027.05;6423.89;6224.42;6625.45;6946
45to64;2021-13;6010.2;6402.2;6205.17;6601.27;7047
45to64;2021-14;5993.08;6380.49;6185.77;6577.21;6987
45to64;2021-15;5975.89;6359.14;6166.52;6553.73;6964
45to64;2021-16;5958.86;6338.5;6147.7;6531.23;6929
45to64;2021-17;5942.19;6318.86;6129.56;6510.08;6760
45to64;2021-18;5926.1;6300.54;6112.36;6490.61;6669
45to64;2021-19;5910.83;6283.75;6096.34;6473.04;6548
45to64;2021-20;5896.58;6268.71;6081.7;6457.6;6302
45to64;2021-21;5883.58;6255.57;6068.62;6444.39;6360
45to64;2021-22;5872.03;6244.45;6057.29;6433.5;6400
45to64;2021-23;5862.14;6235.42;6047.82;6424.92;6196
45to64;2021-24;5854.06;6228.53;6040.33;6418.65;6139
45to64;2021-25;5847.94;6223.78;6034.89;6414.61;6277
45to64;2021-26;5843.92;6221.17;6031.56;6412.73;6437
45to64;2021-27;5842.06;6220.64;6030.36;6412.89;6228
45to64;2021-28;5842.42;6222.16;6031.3;6415;6305
45to64;2021-29;5845.01;6225.64;6034.33;6418.94;6460
45to64;2021-30;5849.79;6231.02;6039.4;6424.62;6409
45to64;2021-31;5856.72;6238.17;6046.44;6431.89;6600
45to64;2021-32;5865.65;6247.04;6055.34;6440.71;6632
45to64;2021-33;5876.46;6257.49;6065.98;6450.98;6626
45to64;2021-34;5888.95;6269.42;6078.2;6462.62;6474
45to64;2021-35;5902.92;6282.72;6091.84;6475.56;6693
45to64;2021-36;5918.13;6297.25;6106.71;6489.74;6789
45to64;2021-37;5934.3;6312.88;6122.62;6505.08;6439
45to64;2021-38;5951.18;6329.44;6139.34;6521.47;6639
45to64;2021-39;5968.39;6346.84;6156.64;6538.95;6573
45to64;2021-40;5985.7;6364.81;6174.29;6557.26;6711
45to64;2021-41;6002.81;6383.19;6192.03;6576.28;6877
45to64;2021-42;6019.42;6401.75;6209.6;6595.83;6774
45to64;2021-43;6035.27;6420.23;6226.76;6615.67;6890
45to64;2021-44;6050.12;6438.38;6243.24;6635.51;6989
45to64;2021-45;6063.75;6455.9;6258.8;6655.03;7211
45to64;2021-46;6075.96;6472.51;6273.19;6673.9;7300
45to64;2021-47;6086.61;6487.89;6286.18;6691.71;7494
45to64;2021-48;6095.55;6501.76;6297.56;6708.11;7704
45to64;2021-49;6102.7;6513.81;6307.14;6722.7;7736
45to64;2021-50;6107.97;6523.81;6314.75;6735.12;7607
45to64;2021-51;6111.32;6531.5;6320.25;6745.06;7717
45to64;2021-52;6112.73;6536.7;6323.53;6752.22;7683
65to74;2020-01;8480.37;8989.49;8733.69;9247.73;9365
65to74;2020-02;8490.12;9003.31;8745.46;9263.64;9423
65to74;2020-03;8494.97;9011.04;8751.74;9272.85;9278
65to74;2020-04;8494.91;9012.58;8752.47;9275.21;9365
65to74;2020-05;8490.01;9007.86;8747.66;9270.6;9324
65to74;2020-06;8480.36;8997.06;8737.43;9259.2;9072
65to74;2020-07;8466.14;8980.37;8721.99;9241.24;9005
65to74;2020-08;8447.6;8958.14;8701.62;9217.13;8760
65to74;2020-09;8425.03;8930.82;8676.69;9187.38;8839
65to74;2020-10;8398.77;8898.95;8647.66;9152.64;8877
65to74;2020-11;8369.22;8863.15;8615;9113.62;9353
65to74;2020-12;8336.82;8824.08;8579.3;9071.15;10595
65to74;2020-13;8302.03;8782.49;8541.13;9026.08;12362
65to74;2020-14;8265.34;8739.13;8501.13;8979.3;13215
65to74;2020-15;8227.29;8694.75;8459.94;8931.69;12544
65to74;2020-16;8188.41;8650.13;8418.21;8884.14;11048
65to74;2020-17;8149.27;8605.99;8376.59;8837.45;10077
65to74;2020-18;8110.44;8563.04;8335.71;8792.39;9243
65to74;2020-19;8072.48;8521.91;8296.18;8749.64;8895
65to74;2020-20;8035.99;8483.2;8258.58;8709.81;8424
65to74;2020-21;8001.52;8447.42;8223.46;8673.38;8224
65to74;2020-22;7969.61;8415.05;8191.32;8640.77;8228
65to74;2020-23;7940.78;8386.46;8162.61;8612.31;8106
65to74;2020-24;7915.51;8361.99;8137.73;8588.27;7943
65to74;2020-25;7894.24;8341.87;8117.03;8568.76;7957
65to74;2020-26;7877.31;8326.36;8100.8;8553.98;8418
65to74;2020-27;7865.05;8315.58;8089.27;8543.96;8125
65to74;2020-28;7857.71;8309.62;8082.61;8538.72;7877
65to74;2020-29;7855.44;8308.56;8080.94;8538.27;7929
65to74;2020-30;7858.35;8312.37;8084.3;8542.56;8095
65to74;2020-31;7866.44;8321.05;8092.68;8551.53;8184
65to74;2020-32;7879.65;8334.48;8106;8565.07;8166
65to74;2020-33;7897.83;8352.57;8124.14;8583.1;8669
65to74;2020-34;7920.78;8375.13;8146.9;8605.45;8106
65to74;2020-35;7948.17;8401.96;8174.01;8631.98;8194
65to74;2020-36;7979.65;8432.8;8205.18;8662.49;8254
65to74;2020-37;8014.76;8467.38;8240.03;8696.77;8427
65to74;2020-38;8053.02;8505.33;8278.15;8734.56;8458
65to74;2020-39;8093.87;8546.3;8319.06;8775.57;8586
65to74;2020-40;8136.71;8589.83;8362.24;8819.44;8955
65to74;2020-41;8180.91;8635.44;8407.15;8865.76;8834
65to74;2020-42;8225.81;8682.62;8453.19;8914.1;9113
65to74;2020-43;8270.77;8730.77;8499.73;8963.86;9646
65to74;2020-44;8315.15;8779.27;8546.16;9014.46;10260
65to74;2020-45;8358.3;8827.44;8591.8;9065.2;10596
65to74;2020-46;8399.62;8874.59;8636.02;9115.32;10822
65to74;2020-47;8438.56;8920.01;8678.17;9164.05;10923
65to74;2020-48;8474.59;8962.97;8717.64;9210.56;10969
65to74;2020-49;8507.24;9002.77;8753.84;9254.02;11047
65to74;2020-50;8536.1;9038.73;8786.22;9293.62;10821
65to74;2020-51;8560.81;9070.24;8814.29;9328.61;10728
65to74;2020-52;8581.06;9096.72;8837.64;9358.29;10794
65to74;2020-53;8596.64;9117.72;8855.9;9382.07;10787
65to74;2021-01;8607.37;9132.86;8868.82;9399.48;11074
65to74;2021-02;8613.16;9141.87;8876.2;9410.14;11661
65to74;2021-03;8613.97;9144.6;8877.96;9413.85;11827
65to74;2021-04;8609.85;9141.01;8874.11;9410.55;11477
65to74;2021-05;8600.89;9131.21;8864.73;9400.31;10992
65to74;2021-06;8587.28;9115.4;8850.03;9383.38;10414
65to74;2021-07;8569.24;9093.91;8830.28;9360.12;10347
65to74;2021-08;8547.07;9067.17;8805.84;9331.04;9626
65to74;2021-09;8521.1;9035.72;8777.15;9296.78;9663
65to74;2021-10;8491.72;9000.16;8744.71;9258.05;9847
65to74;2021-11;8459.38;8961.17;8709.07;9215.66;9823
65to74;2021-12;8424.53;8919.49;8670.83;9170.48;9856
65to74;2021-13;8387.68;8875.86;8630.62;9123.39;9937
65to74;2021-14;8349.35;8831.08;8589.09;9075.3;9934
65to74;2021-15;8310.09;8785.89;8546.89;9027.09;9637
65to74;2021-16;8270.47;8741.07;8504.69;8979.61;9597
65to74;2021-17;8231.07;8697.32;8463.12;8933.64;9286
65to74;2021-18;8192.46;8655.3;8422.82;8889.88;9482
65to74;2021-19;8155.24;8615.62;8384.38;8848.96;8849
65to74;2021-20;8119.96;8578.83;8348.35;8811.4;8747
65to74;2021-21;8087.19;8545.41;8315.25;8777.65;8389
65to74;2021-22;8057.46;8515.75;8285.55;8748.05;8430
65to74;2021-23;8031.25;8490.21;8259.67;8722.87;8518
65to74;2021-24;8008.99;8469.07;8237.96;8702.3;8336
65to74;2021-25;7991.09;8452.54;8220.74;8686.48;8281
65to74;2021-26;7977.87;8440.79;8208.24;8675.5;8422
65to74;2021-27;7969.57;8433.93;8200.66;8669.38;8301
65to74;2021-28;7966.39;8432.02;8198.11;8668.13;8480
65to74;2021-29;7968.43;8435.08;8200.65;8671.71;8679
65to74;2021-30;7975.73;8443.07;8208.29;8680.04;8606
65to74;2021-31;7988.2;8455.93;8220.96;8693.1;8707
65to74;2021-32;8005.75;8473.52;8238.53;8710.7;8928
65to74;2021-33;8028.15;8495.68;8260.82;8732.74;8813
65to74;2021-34;8055.12;8522.23;8287.57;8759.05;8780
65to74;2021-35;8086.28;8552.89;8318.5;8789.45;9027
65to74;2021-36;8121.21;8587.4;8353.22;8823.73;9135
65to74;2021-37;8159.41;8625.41;8391.33;8861.62;8786
65to74;2021-38;8200.33;8666.53;8432.36;8902.83;8687
65to74;2021-39;8243.35;8710.36;8475.78;8947.05;8904
65to74;2021-40;8287.91;8756.35;8521.05;8993.77;9012
65to74;2021-41;8333.28;8804.03;8567.58;9042.63;9383
65to74;2021-42;8378.82;8852.81;8614.73;9093.04;9088
65to74;2021-43;8423.89;8902.04;8661.87;9144.4;9502
65to74;2021-44;8467.83;8951.08;8708.33;9196.03;9552
65to74;2021-45;8510.04;8999.18;8753.47;9247.14;9926
65to74;2021-46;8549.93;9045.65;8796.63;9296.98;9936
65to74;2021-47;8586.97;9089.76;8837.17;9344.7;10459
65to74;2021-48;8620.67;9130.77;8874.5;9389.47;10862
65to74;2021-49;8650.6;9168.02;8908.06;9430.46;10707
65to74;2021-50;8676.39;9200.85;8937.34;9466.91;10569
65to74;2021-51;8697.72;9228.69;8961.89;9498.08;10653
65to74;2021-52;8714.34;9251.05;8981.36;9523.38;10629
75to84;2020-01;14449.93;15346.17;14895.8;15800.99;15331
75to84;2020-02;14501.18;15405.93;14951.28;15865.11;16007
75to84;2020-03;14535.1;15445.89;14988.19;15908.16;15770
75to84;2020-04;14551.12;15465.24;15005.86;15929.22;15424
75to84;2020-05;14548.98;15463.6;15003.97;15927.82;15656
75to84;2020-06;14528.74;15440.99;14982.55;15904.01;15181
75to84;2020-07;14490.74;15397.86;14942;15858.26;15224
75to84;2020-08;14435.61;15335.08;14883.08;15791.56;14630
75to84;2020-09;14364.3;15253.89;14806.86;15705.32;14836
75to84;2020-10;14277.95;15155.85;14714.72;15601.31;15085
75to84;2020-11;14178.01;15042.86;14608.3;15481.65;15500
75to84;2020-12;14066.05;14917.03;14489.46;15348.72;18145
75to84;2020-13;13943.87;14780.65;14360.23;15205.09;22462
75to84;2020-14;13813.37;14636.13;14222.77;15053.42;24908
75to84;2020-15;13676.56;14485.95;14079.32;14896.42;24072
75to84;2020-16;13535.52;14332.56;13932.14;14736.75;20950
75to84;2020-17;13392.35;14178.4;13783.5;14576.99;18064
75to84;2020-18;13249.14;14025.76;13635.61;14419.57;16080
75to84;2020-19;13107.98;13876.84;13490.59;14266.71;15083
75to84;2020-20;12970.88;13733.65;13350.45;14120.45;14156
75to84;2020-21;12839.74;13598.02;13217.07;13982.57;13826
75to84;2020-22;12716.39;13471.62;13092.19;13854.65;13095
75to84;2020-23;12602.48;13355.91;12977.38;13738.06;13115
75to84;2020-24;12499.53;13252.16;12874.01;13633.95;12900
75to84;2020-25;12408.86;13161.48;12783.32;13543.28;12864
75to84;2020-26;12331.66;13084.75;12706.35;13466.84;13065
75to84;2020-27;12268.88;13022.76;12643.95;13405.28;12858
75to84;2020-28;12221.29;12976.08;12596.8;13359.1;12805
75to84;2020-29;12189.49;12945.14;12565.42;13328.6;13022
75to84;2020-30;12173.86;12930.22;12550.14;13314.07;12875
75to84;2020-31;12174.59;12931.47;12551.13;13315.57;13648
75to84;2020-32;12191.7;12948.84;12568.37;13333.08;13347
75to84;2020-33;12224.98;12982.2;12601.69;13366.46;14213
75to84;2020-34;12274.04;13031.22;12650.74;13415.44;13098
75to84;2020-35;12338.31;13095.45;12715;13479.63;13117
75to84;2020-36;12416.99;13174.29;12793.77;13558.5;13121
75to84;2020-37;12509.13;13266.93;12886.18;13651.36;13514
75to84;2020-38;12613.53;13372.49;12991.16;13757.47;13853
75to84;2020-39;12728.87;13489.82;13107.51;13875.79;13781
75to84;2020-40;12853.61;13617.66;13233.8;14005.17;14218
75to84;2020-41;12986.08;13754.53;13368.47;14144.25;14501
75to84;2020-42;13124.44;13898.8;13509.77;14291.5;15154
75to84;2020-43;13266.74;14048.64;13655.82;14445.15;16321
75to84;2020-44;13410.94;14202.04;13804.6;14603.22;17668
75to84;2020-45;13554.95;14356.84;13953.98;14763.51;18829
75to84;2020-46;13696.64;14510.76;14101.74;14923.66;19139
75to84;2020-47;13833.87;14661.4;14245.64;15081.14;18837
75to84;2020-48;13964.57;14806.32;14383.39;15233.32;18644
75to84;2020-49;14086.7;14943.06;14512.78;15377.52;18643
75to84;2020-50;14198.36;15069.23;14631.64;15511.1;18811
75to84;2020-51;14297.79;15182.53;14737.95;15631.5;18760
75to84;2020-52;14383.38;15280.86;14829.85;15736.34;18353
75to84;2020-53;14453.75;15362.34;14905.73;15823.51;18993
75to84;2021-01;14507.75;15425.39;14964.22;15891.19;19721
75to84;2021-02;14544.5;15468.76;15004.26;15937.96;20671
75to84;2021-03;14563.39;15491.6;15025.11;15962.82;21640
75to84;2021-04;14564.12;15493.44;15026.38;15965.23;20343
75to84;2021-05;14546.68;15474.24;15008.07;15945.14;19106
75to84;2021-06;14511.37;15434.4;14970.52;15902.98;17764
75to84;2021-07;14458.8;15374.71;14914.41;15839.65;16978
75to84;2021-08;14389.84;15296.34;14840.79;15756.47;16015
75to84;2021-09;14305.65;15200.84;14750.98;15655.18;15550
75to84;2021-10;14207.59;15090.02;14646.59;15537.84;15516
75to84;2021-11;14097.25;14965.98;14529.45;15406.79;15481
75to84;2021-12;13976.39;14830.99;14401.58;15264.59;15578
75to84;2021-13;13846.91;14687.45;14265.12;15113.88;15929
75to84;2021-14;13710.8;14537.83;14122.3;14957.36;15452
75to84;2021-15;13570.15;14384.6;13975.39;14797.72;15009
75to84;2021-16;13427.04;14230.19;13826.67;14637.56;15065
75to84;2021-17;13283.59;14076.93;13678.35;14479.32;14455
75to84;2021-18;13141.89;13927.06;13532.57;14325.3;14425
75to84;2021-19;13003.94;13782.6;13391.38;14177.55;13831
75to84;2021-20;12871.71;13645.44;13256.69;14037.91;13615
75to84;2021-21;12746.99;13517.26;13130.24;13908.01;13412
75to84;2021-22;12631.47;13399.58;13013.64;13789.26;13218
75to84;2021-23;12526.7;13293.7;12908.3;13682.86;13089
75to84;2021-24;12434.04;13200.75;12815.49;13589.8;13176
75to84;2021-25;12354.67;13121.68;12736.25;13510.92;13164
75to84;2021-26;12289.6;13057.26;12671.49;13446.87;13338
75to84;2021-27;12239.62;13008.13;12621.93;13398.19;13223
75to84;2021-28;12205.36;12974.72;12588.08;13365.24;13342
75to84;2021-29;12187.23;12957.35;12570.32;13348.27;14249
75to84;2021-30;12185.45;12956.18;12568.84;13347.41;13918
75to84;2021-31;12200.06;12971.2;12583.66;13362.64;14264
75to84;2021-32;12230.89;13002.28;12614.62;13393.83;14420
75to84;2021-33;12277.59;13049.14;12661.41;13440.75;14304
75to84;2021-34;12339.61;13111.33;12723.52;13503;14119
75to84;2021-35;12416.19;13188.26;12800.29;13580.08;14353
75to84;2021-36;12506.39;13279.2;12890.86;13671.35;14749
75to84;2021-37;12609.08;13383.21;12994.22;13776;14133
75to84;2021-38;12722.93;13499.22;13109.16;13893.07;13946
75to84;2021-39;12846.46;13625.97;13234.3;14021.43;14394
75to84;2021-40;12977.99;13762.01;13368.09;14159.74;14366
75to84;2021-41;13115.72;13905.74;13508.81;14306.48;14732
75to84;2021-42;13257.73;14055.33;13654.59;14459.91;15031
75to84;2021-43;13401.94;14208.85;13803.43;14618.16;15635
75to84;2021-44;13546.39;14364.04;13953.22;14778.82;15677
75to84;2021-45;13688.81;14518.74;14101.74;14939.77;16288
75to84;2021-46;13827.12;14670.53;14246.74;15098.44;16598
75to84;2021-47;13959.21;14816.97;14385.96;15252.2;17165
75to84;2021-48;14083.04;14955.59;14517.13;15398.37;17850
75to84;2021-49;14196.69;15083.98;14638.1;15534.3;17746
75to84;2021-50;14298.35;15199.83;14746.79;15657.42;17299
75to84;2021-51;14386.39;15301.01;14841.35;15765.31;17617
75to84;2021-52;14459.39;15385.57;14920.09;15855.8;17891
65P;2020-01;46637.47;48951.95;47790.04;50123.12;50434
65P;2020-02;46843.55;49182.21;48008.14;50365.71;52257
65P;2020-03;46988.09;49344.35;48161.42;50536.82;51483
65P;2020-04;47068.77;49435.32;48247.21;50633.03;50495
65P;2020-05;47084.36;49453.51;48264.09;50652.54;51184
65P;2020-06;47034.76;49398.75;48211.92;50595.15;49468
65P;2020-07;46921.03;49272.33;48091.89;50462.27;49315
65P;2020-08;46745.35;49076.93;47906.41;50256.84;47360
65P;2020-09;46510.87;48816.68;47659.13;49983.45;47779
65P;2020-10;46221.83;48496.74;47354.73;49647.78;48210
65P;2020-11;45883.25;48123.43;46998.89;49256.8;49928
65P;2020-12;45500.89;47703.89;46598.05;48818.34;56861
65P;2020-13;45081.15;47245.94;46159.32;48340.95;68756
65P;2020-14;44630.92;46757.82;45690.24;47833.58;78779
65P;2020-15;44157.39;46248.01;45198.67;47305.35;76747
65P;2020-16;43668;45725.03;44692.57;46765.32;67544
65P;2020-17;43170.25;45197.25;44179.88;46222.32;58780
65P;2020-18;42671.64;44672.75;43668.37;45684.71;51818
65P;2020-19;42179.48;44159.16;43165.54;45160.29;48355
65P;2020-20;41700.86;43663.6;42678.47;44656.19;44617
65P;2020-21;41242.51;43192.6;42213.8;44178.86;44048
65P;2020-22;40810.75;42752.06;41777.65;43733.93;41739
65P;2020-23;40411.38;42347.26;41375.55;43326.46;41030
65P;2020-24;40049.67;41982.83;41012.45;42960.74;40128
65P;2020-25;39730.28;41662.78;40692.7;42640.44;40261
65P;2020-26;39457.26;41390.5;40420.03;42368.62;41831
65P;2020-27;39234.01;41168.84;40197.55;42147.83;40578
65P;2020-28;39063.31;41000.05;40027.78;41980.07;40220
65P;2020-29;38947.26;40885.88;39912.65;41866.9;40550
65P;2020-30;38887.37;40827.47;39853.49;41809.26;40889
65P;2020-31;38884.45;40825.56;39851.06;41807.87;42825
65P;2020-32;38938.7;40880.28;39905.55;41862.81;42087
65P;2020-33;39049.68;40991.28;40016.56;41973.79;45000
65P;2020-34;39216.28;41157.72;40183.09;42140.1;41514
65P;2020-35;39436.81;41378.13;40403.58;42360.38;40962
65P;2020-36;39708.86;41650.57;40675.85;42632.95;41351
65P;2020-37;40029.26;41972.62;40997.1;42955.76;42538
65P;2020-38;40394.4;42341.04;41363.9;43325.76;43804
65P;2020-39;40799.85;42752.14;41772.19;43739.63;42771
65P;2020-40;41240.6;43201.54;42217.28;44193.34;44872
65P;2020-41;41711.02;43684.23;42693.82;44682.17;45273
65P;2020-42;42204.92;44194.5;43195.89;45200.69;46973
65P;2020-43;42715.65;44726.04;43716.99;45742.73;51327
65P;2020-44;43236.12;45271.87;44250.09;46301.39;54857
65P;2020-45;43758.93;45824.46;44787.73;46869.07;58209
65P;2020-46;44276.5;46375.8;45322.1;47437.54;59484
65P;2020-47;44781.11;46917.5;45845.16;47998.07;58947
65P;2020-48;45265.13;47440.96;46348.79;48541.57;58468
65P;2020-49;45721.07;47937.52;46824.92;49058.78;59007
65P;2020-50;46141.75;48398.68;47265.72;49540.54;59144
65P;2020-51;46520.44;48816.29;47663.76;49977.96;58691
65P;2020-52;46851.01;49182.82;48012.2;50362.81;58082
65P;2020-53;47128.04;49491.49;48304.95;50687.59;59851
65P;2021-01;47346.98;49736.52;48536.84;50945.92;62839
65P;2021-02;47504.21;49913.3;48703.79;51132.66;66237
65P;2021-03;47597.19;50018.53;48802.86;51244.14;68512
65P;2021-04;47624.47;50050.31;48832.37;51278.22;65328
65P;2021-05;47585.77;50008.21;48791.98;51234.38;60194
65P;2021-06;47481.94;49893.27;48682.63;51113.78;56075
65P;2021-07;47314.99;49707.97;48506.56;50919.14;54148
65P;2021-08;47087.96;49456.19;48267.24;50654.75;50427
65P;2021-09;46804.93;49143.01;47969.22;50326.22;48447
65P;2021-10;46470.85;48774.61;47618.09;49940.35;48844
65P;2021-11;46091.45;48358.1;47220.24;49504.95;48436
65P;2021-12;45673.08;47901.24;46782.74;49028.52;48378
65P;2021-13;45222.64;47412.32;46313.17;48520.04;48830
65P;2021-14;44747.37;46899.9;45819.42;47988.73;47947
65P;2021-15;44254.76;46372.58;45309.55;47443.8;47114
65P;2021-16;43752.41;45838.88;44791.59;46894.2;46864
65P;2021-17;43247.87;45307.03;44273.46;46348.52;45481
65P;2021-18;42748.59;44784.85;43762.78;45814.76;45645
65P;2021-19;42261.81;44279.64;43266.8;45300.26;43327
65P;2021-20;41794.37;43798.13;42792.34;44811.69;42476
65P;2021-21;41352.73;43346.42;42345.66;44354.93;41949
65P;2021-22;40942.86;42929.96;41932.49;43935.22;41662
65P;2021-23;40570.16;42553.57;41557.92;43557.05;41415
65P;2021-24;40239.46;42221.42;41226.47;43224.25;41650
65P;2021-25;39954.96;41937.06;40942.01;42940.04;41176
65P;2021-26;39720.21;41703.48;40707.82;42707.12;41972
65P;2021-27;39538.11;41523.06;40526.53;42527.62;41850
65P;2021-28;39410.93;41397.66;40400.22;42403.17;42168
65P;2021-29;39340.26;41328.57;40330.33;42334.91;44409
65P;2021-30;39327.08;41316.59;40317.74;42323.56;43678
65P;2021-31;39371.69;41361.96;40362.74;42369.3;44864
65P;2021-32;39473.75;41464.44;40465.02;42471.96;45758
65P;2021-33;39632.28;41623.22;40623.69;42630.83;44974
65P;2021-34;39845.64;41836.99;40837.27;42844.74;44125
65P;2021-35;40111.53;42103.84;41103.66;43111.99;44639
65P;2021-36;40426.91;42421.38;41420.15;43430.55;46256
65P;2021-37;40788.19;42786.51;41783.37;43797.56;44123
65P;2021-38;41191.09;43195.53;42189.34;44209.6;43417
65P;2021-39;41630.58;43644.18;42633.42;44662.8;44757
65P;2021-40;42101.12;44127.46;43110.32;45152.48;45061
65P;2021-41;42596.55;44639.73;43614.15;45673.22;46488
65P;2021-42;43110.22;45174.69;44138.43;46218.93;47400
65P;2021-43;43635.06;45725.39;44676.15;46782.71;49048
65P;2021-44;44163.62;46284.3;45219.82;47357.01;49048
65P;2021-45;44688.27;46843.38;45761.6;47933.56;51118
65P;2021-46;45201.23;47394.21;46293.39;48503.62;51510
65P;2021-47;45694.74;47928.11;46806.99;49058.04;53235
65P;2021-48;46161.2;48436.31;47294.19;49587.47;56009
65P;2021-49;46593.27;48910.18;47747.04;50082.61;56043
65P;2021-50;46984.06;49341.4;48157.92;50534.41;55056
65P;2021-51;47327.24;49722.21;48519.8;50934.39;55746
65P;2021-52;47617.2;50045.62;48826.38;51274.85;56364
85P;2020-01;23484.43;24949.17;24213.11;25692.54;25738
85P;2020-02;23631.2;25113.74;24368.71;25866.21;26827
85P;2020-03;23738.63;25234.38;24482.7;25993.6;26435
85P;2020-04;23804.9;25308.72;24552.97;26072.07;25706
85P;2020-05;23828.91;25335.38;24578.3;26100.09;26204
85P;2020-06;23810.37;25313.97;24558.34;26077.2;25215
85P;2020-07;23749.78;25245.12;24493.65;26004.13;25086
85P;2020-08;23648.4;25130.48;24385.69;25882.7;23970
85P;2020-09;23508.23;24972.62;24236.74;25715.8;24104
85P;2020-10;23331.95;24774.97;24049.85;25507.23;24248
85P;2020-11;23122.82;24541.68;23828.73;25261.6;25075
85P;2020-12;22884.65;24277.5;23577.65;24984.15;28121
85P;2020-13;22621.63;23987.63;23301.29;24680.58;33932
85P;2020-14;22338.26;23677.57;23004.67;24356.91;40656
85P;2020-15;22039.29;23352.91;22692.93;24019.17;40131
85P;2020-16;21729.58;23019.29;22371.34;23673.37;35546
85P;2020-17;21414.02;22682.17;22045.05;23325.31;30639
85P;2020-18;21097.43;22346.8;21719.12;22980.41;26495
85P;2020-19;20784.54;22018.1;21398.36;22643.71;24377
85P;2020-20;20479.86;21700.59;21087.28;22319.73;22037
85P;2020-21;20187.63;21398.41;20790.08;22012.56;21998
85P;2020-22;19911.84;21115.22;20510.59;21725.68;20416
85P;2020-23;19656.07;20854.32;20252.24;21462.24;19809
85P;2020-24;19423.59;20618.51;20018.07;21224.82;19286
85P;2020-25;19217.23;20410.25;19810.75;21015.69;19440
85P;2020-26;19039.47;20231.61;19632.52;20836.68;20348
85P;2020-27;18892.37;20084.31;19485.3;20689.34;19595
85P;2020-28;18777.63;19969.74;19370.63;20574.91;19538
85P;2020-29;18696.54;19888.99;19289.69;20494.37;19599
85P;2020-30;18650.06;19842.84;19243.37;20448.41;19919
85P;2020-31;18638.77;19831.78;19232.19;20437.48;20993
85P;2020-32;18662.9;19856.05;19256.4;20461.8;20574
85P;2020-33;18722.34;19915.58;19315.89;20521.36;22118
85P;2020-34;18816.59;20010.04;19410.26;20615.88;20310
85P;2020-35;18944.83;20138.79;19538.77;20744.83;19651
85P;2020-36;19105.84;20300.86;19700.33;20907.38;19976
85P;2020-37;19297.97;20495.02;19893.49;21102.48;20597
85P;2020-38;19519.27;20719.58;20116.44;21328.64;21493
85P;2020-39;19767.3;20972.53;20366.94;21584;20404
85P;2020-40;20039.19;21251.5;20642.38;21866.5;21699
85P;2020-41;20331.74;21553.57;20939.69;22173.34;21938
85P;2020-42;20641.32;21875.45;21255.39;22501.41;22706
85P;2020-43;20963.89;22213.36;21585.61;22847.07;25360
85P;2020-44;21294.8;22563.41;21926.04;23206.83;26929
85P;2020-45;21630.47;22919.85;22272.05;23573.81;28784
85P;2020-46;21965.03;23278.67;22618.67;23944.97;29523
85P;2020-47;22293.84;23634.09;22960.71;24313.94;29187
85P;2020-48;22611.89;23980.45;23292.82;24674.71;28855
85P;2020-49;22914.15;24311.93;23609.59;25021.1;29317
85P;2020-50;23195.75;24622.75;23905.7;25346.83;29512
85P;2020-51;23452.04;24907.28;24176.01;25645.77;29203
85P;2020-52;23678.71;25160.18;24415.7;25912.08;28935
85P;2020-53;23871.87;25376.61;24620.41;26140.4;30071
85P;2021-01;24028.19;25552.34;24786.36;26326.06;32044
85P;2021-02;24144.95;25683.92;24910.48;26465.21;33906
85P;2021-03;24220.16;25768.77;24990.47;26554.99;35045
85P;2021-04;24252.57;25805.28;25024.91;26593.6;33508
85P;2021-05;24241.72;25792.86;25013.28;26580.38;30096
85P;2021-06;24187.96;25731.97;24955.99;26515.84;27897
85P;2021-07;24092.44;25624.09;24854.33;26401.63;26824
85P;2021-08;23957.06;25471.65;24710.49;26240.48;24786
85P;2021-09;23784.41;25278;24527.42;26036.1;23234
85P;2021-10;23577.71;25047.23;24308.77;25793.03;23481
85P;2021-11;23340.75;24784.07;24058.8;25516.49;23132
85P;2021-12;23077.69;24493.73;23782.2;25212.21;22944
85P;2021-13;22793.1;24181.73;23484;24886.25;22964
85P;2021-14;22491.76;23853.79;23169.44;24544.75;22561
85P;2021-15;22178.57;23515.62;22843.83;24193.87;22468
85P;2021-16;21858.51;23172.84;22512.48;23839.54;22202
85P;2021-17;21536.53;22830.83;22180.53;23487.37;21740
85P;2021-18;21217.42;22494.67;21852.93;23142.57;21738
85P;2021-19;20905.83;22169.04;21534.35;22809.85;20647
85P;2021-20;20606.13;21858.24;21229.1;22493.46;20114
85P;2021-21;20322.39;21566.09;20941.16;22197.11;20149
85P;2021-22;20058.37;21296;20674.1;21924.02;20014
85P;2021-23;19817.42;21050.96;20431.08;21676.98;19808
85P;2021-24;19602.51;20833.52;20214.89;21458.33;20138
85P;2021-25;19416.23;20645.87;20027.9;21270.06;19731
85P;2021-26;19260.75;20489.82;19872.12;21113.8;20212
85P;2021-27;19137.86;20366.87;19749.18;20990.86;20326
85P;2021-28;19048.97;20278.16;19660.36;20902.3;20346
85P;2021-29;18995.09;20224.56;19606.62;20848.86;21481
85P;2021-30;18976.9;20206.65;19588.56;20831.11;21154
85P;2021-31;18994.69;20224.69;19606.47;20849.28;21893
85P;2021-32;19048.4;20278.69;19660.34;20903.39;22410
85P;2021-33;19137.63;20368.36;19749.8;20993.25;21858
85P;2021-34;19261.58;20493.1;19874.16;21118.34;21226
85P;2021-35;19419.08;20652.02;20032.39;21277.91;21259
85P;2021-36;19608.57;20843.87;20223.07;21470.88;22372
85P;2021-37;19828.09;21067.05;20444.44;21695.86;21204
85P;2021-38;20075.25;21319.59;20694.3;21951.05;20784
85P;2021-39;20347.26;21599.09;20970.06;22234.29;21459
85P;2021-40;20640.89;21902.73;21268.69;22542.95;21683
85P;2021-41;20952.54;22227.2;21586.73;22873.87;22373
85P;2021-42;21278.2;22568.75;21920.31;23223.47;23281
85P;2021-43;21613.51;22923.15;22265.12;23587.54;23911
85P;2021-44;21953.86;23285.7;22616.52;23961.36;23819
85P;2021-45;22294.37;23651.29;22969.49;24339.71;24904
85P;2021-46;22630.01;24014.47;23318.81;24716.9;24976
85P;2021-47;22955.65;24369.48;23659.05;25086.89;25611
85P;2021-48;23266.21;24710.46;23984.71;25443.38;27297
85P;2021-49;23556.69;25031.48;24290.36;25780;27590
85P;2021-50;23822.3;25326.78;24570.71;26090.46;27188
85P;2021-51;24058.59;25590.87;24820.79;26368.76;27476
85P;2021-52;24261.52;25818.71;25036.08;26609.33;27844